{
    "root_group": {
        "name": "",
        "path": "",
        "id": "d41d8cd98f00b204e9800998ecf8427e",
        "groups": {},
        "checks": {
                "status is 200": {
                    "fails": 0,
                    "name": "status is 200",
                    "path": "::status is 200",
                    "id": "6210a8cd14cd70477eba5c5e4cb3fb5f",
                    "passes": 1023
                },
                "response time < 2s": {
                    "path": "::response time < 2s",
                    "id": "492f12d6af2add47d3f33fffc3b7b9ac",
                    "passes": 1023,
                    "fails": 0,
                    "name": "response time < 2s"
                }
            }
    },
    "metrics": {
        "http_req_sending": {
            "min": 0.012919,
            "med": 0.0800235,
            "max": 21.465439,
            "p(90)": 0.18610310000000005,
            "p(95)": 0.25844769999999995,
            "avg": 0.1179925946341464
        },
        "http_req_receiving": {
            "avg": 54.30980871219517,
            "min": 0.016541,
            "med": 0.6283165,
            "max": 1097.164645,
            "p(90)": 131.24142340000003,
            "p(95)": 314.12308509999986
        },
        "data_sent": {
            "count": 350809,
            "rate": 1605.7482202647668
        },
        "iterations": {
            "count": 1017,
            "rate": 4.655085644921504
        },
        "http_req_connecting": {
            "max": 28.460501,
            "p(90)": 0,
            "p(95)": 0,
            "avg": 0.08940575609756098,
            "min": 0,
            "med": 0
        },
        "http_req_tls_handshaking": {
            "p(95)": 0,
            "avg": 0.24695796536585368,
            "min": 0,
            "med": 0,
            "max": 301.161035,
            "p(90)": 0
        },
        "iteration_duration": {
            "max": 2817.150808,
            "p(90)": 1774.7288036,
            "p(95)": 1878.0318134,
            "avg": 1551.0626297148467,
            "min": 1112.05396,
            "med": 1490.705036
        },
        "checks": {
            "passes": 2046,
            "fails": 0,
            "value": 1
        },
        "vus_max": {
            "min": 10,
            "max": 10,
            "value": 10
        },
        "http_req_failed": {
            "passes": 0,
            "fails": 2050,
            "thresholds": {
                "rate < 0.01": false
            },
            "value": 0
        },
        "http_reqs": {
            "count": 2050,
            "rate": 9.383407642172157
        },
        "http_req_waiting": {
            "avg": 218.70201950780492,
            "min": 10.428666,
            "med": 297.1131455,
            "max": 1283.002486,
            "p(90)": 455.34216979999997,
            "p(95)": 520.5928581499999
        },
        "vus": {
            "value": 10,
            "min": 1,
            "max": 10
        },
        "http_req_duration": {
            "max": 1584.850756,
            "p(90)": 634.4504152000001,
            "p(95)": 744.52446555,
            "avg": 273.1298208146343,
            "min": 10.635968,
            "med": 315.14833250000004,
            "thresholds": {
                "p(95) < 2000": false
            }
        },
        "http_req_blocked": {
            "avg": 0.3534367229268302,
            "min": 0.000141,
            "med": 0.000439,
            "max": 330.005022,
            "p(90)": 0.000817,
            "p(95)": 0.0009540999999999999
        },
        "http_req_duration{expected_response:true}": {
            "avg": 273.1298208146343,
            "min": 10.635968,
            "med": 315.14833250000004,
            "max": 1584.850756,
            "p(90)": 634.4504152000001,
            "p(95)": 744.52446555
        },
        "data_received": {
            "count": 103659530,
            "rate": 474477.86633462145
        }
    }
}