{
    "root_group": {
        "groups": {},
        "checks": {
                "status is 200": {
                    "name": "status is 200",
                    "path": "::status is 200",
                    "id": "6210a8cd14cd70477eba5c5e4cb3fb5f",
                    "passes": 1,
                    "fails": 0
                }
            },
        "name": "",
        "path": "",
        "id": "d41d8cd98f00b204e9800998ecf8427e"
    },
    "metrics": {
        "http_reqs": {
            "count": 2,
            "rate": 1.8620621472235397
        },
        "http_req_duration": {
            "p(95)": 393.00026255,
            "avg": 214.1284895,
            "min": 15.382075,
            "med": 214.1284895,
            "max": 412.874904,
            "p(90)": 373.12562110000005,
            "thresholds": {
                "p(95) < 3000": false
            }
        },
        "http_req_failed": {
            "passes": 0,
            "fails": 2,
            "thresholds": {
                "rate < 0.03": false
            },
            "value": 0
        },
        "vus_max": {
            "max": 30,
            "value": 30,
            "min": 30
        },
        "http_req_duration{expected_response:true}": {
            "med": 214.1284895,
            "max": 412.874904,
            "p(90)": 373.12562110000005,
            "p(95)": 393.00026255,
            "avg": 214.1284895,
            "min": 15.382075
        },
        "http_req_blocked": {
            "avg": 17.388562999999998,
            "min": 0.000367,
            "med": 17.388563,
            "max": 34.776759,
            "p(90)": 31.299119800000003,
            "p(95)": 33.0379394
        },
        "http_req_receiving": {
            "med": 26.391746499999996,
            "max": 52.727042,
            "p(90)": 47.4599829,
            "p(95)": 50.09351245,
            "avg": 26.3917465,
            "min": 0.056451
        },
        "data_received": {
            "count": 106936,
            "rate": 99560.73888774822
        },
        "data_sent": {
            "count": 994,
            "rate": 925.4448871700992
        },
        "vus": {
            "value": 1,
            "min": 1,
            "max": 1
        },
        "checks": {
            "passes": 1,
            "fails": 0,
            "value": 1
        },
        "http_req_tls_handshaking": {
            "p(95)": 16.472129799999998,
            "avg": 8.669542,
            "min": 0,
            "med": 8.669542,
            "max": 17.339084,
            "p(90)": 15.6051756
        },
        "http_req_sending": {
            "min": 0.038946,
            "med": 0.0847975,
            "max": 0.130649,
            "p(90)": 0.1214787,
            "p(95)": 0.12606384999999998,
            "avg": 0.0847975
        },
        "http_req_waiting": {
            "avg": 187.6519455,
            "min": 15.194975,
            "med": 187.6519455,
            "max": 360.108916,
            "p(90)": 325.61752190000004,
            "p(95)": 342.86321895000003
        },
        "http_req_connecting": {
            "p(95)": 11.79957855,
            "avg": 6.2103045,
            "min": 0,
            "med": 6.2103045,
            "max": 12.420609,
            "p(90)": 11.1785481
        }
    }
}