{
    "root_group": {
        "groups": {},
        "checks": {
                "status not 5xx": {
                    "name": "status not 5xx",
                    "path": "::status not 5xx",
                    "id": "20f761dc0dca93deaff0c67ca5c63e65",
                    "passes": 3,
                    "fails": 0
                }
            },
        "name": "",
        "path": "",
        "id": "d41d8cd98f00b204e9800998ecf8427e"
    },
    "metrics": {
        "http_req_duration{expected_response:true}": {
            "min": 13.117502,
            "med": 194.10550949999998,
            "max": 415.556325,
            "p(90)": 413.49226699999997,
            "p(95)": 414.524296,
            "avg": 206.96762249999998
        },
        "http_req_connecting": {
            "p(90)": 5.547373,
            "p(95)": 8.3210595,
            "avg": 1.8491243333333334,
            "min": 0,
            "med": 0,
            "max": 11.094746
        },
        "http_req_waiting": {
            "p(90)": 386.391213,
            "p(95)": 386.66250349999996,
            "avg": 193.48938966666665,
            "min": 12.810415,
            "med": 181.1033065,
            "max": 386.933794
        },
        "http_req_duration": {
            "p(90)": 413.49226699999997,
            "p(95)": 414.524296,
            "avg": 206.96762249999998,
            "min": 13.117502,
            "med": 194.10550949999998,
            "max": 415.556325,
            "thresholds": {
                "p(95) < 4000": false
            }
        },
        "http_req_sending": {
            "p(95)": 0.268596,
            "avg": 0.17738566666666666,
            "min": 0.038867,
            "med": 0.195116,
            "max": 0.273629,
            "p(90)": 0.263563
        },
        "http_req_blocked": {
            "p(95)": 25.6647635,
            "avg": 5.7038026666666655,
            "min": 0.000262,
            "med": 0.000785,
            "max": 34.219207,
            "p(90)": 17.110319999999998
        },
        "http_reqs": {
            "count": 6,
            "rate": 1.7644467276829479
        },
        "http_req_tls_handshaking": {
            "max": 14.540634,
            "p(90)": 7.270317,
            "p(95)": 10.905475500000001,
            "avg": 2.423439,
            "min": 0,
            "med": 0
        },
        "http_req_receiving": {
            "p(95)": 28.61272975,
            "avg": 13.300847166666665,
            "min": 0.108133,
            "med": 12.234246500000001,
            "max": 29.668826,
            "p(90)": 27.5566335
        },
        "checks": {
            "passes": 3,
            "fails": 0,
            "value": 1
        },
        "vus": {
            "max": 1,
            "value": 1,
            "min": 1
        },
        "iterations": {
            "count": 2,
            "rate": 0.5881489092276493
        },
        "data_received": {
            "rate": 90956.64066314674,
            "count": 309298
        },
        "vus_max": {
            "value": 40,
            "min": 40,
            "max": 40
        },
        "iteration_duration": {
            "p(95)": 1459.95801495,
            "avg": 1426.4158965000001,
            "min": 1389.146876,
            "med": 1426.4158965000001,
            "max": 1463.684917,
            "p(90)": 1456.2311129
        },
        "data_sent": {
            "count": 1668,
            "rate": 490.51619029585953
        },
        "http_req_failed": {
            "passes": 0,
            "fails": 6,
            "thresholds": {
                "rate < 0.05": false
            },
            "value": 0
        }
    }
}